name,colour,band,code
Aki Ion 2.8MT Roller,,E,RP5385
Aki Meteor 2.8MT Roller,,E,RP5386
Aki Orbit 2.8MT Roller,,E,RP5384
Aki Star 2.8MT Roller,,E,RP5383
Akita Blockout Dawn 2.0MT Roller,,D,RP5825
Akita Blockout Rise 2.0MT Roller,,D,RP5824
Akita Blockout Shine 2.0MT Roller,,D,RP5823
Akita Blockout Stone 2.0MT Roller,,D,RP5826
Akita Dawn 2.0MT Roller,,C,RP5472
Akita Rise 2.0MT Roller,,C,RP5471
Akita Shine 2.0MT Roller,,C,RP5492
Akita Stone 2.0MT Roller,,C,RP5473
Alara Alba 2.4mt Roller,,E,RP6116
Alara Alto 2.4mt Roller,,E,RP6119
Alara Biscuit 2.4mt Roller,,E,RP6118
Alara Carbon 2.4mt Roller,,E,RP6122
Alara Slate 2.4mt Roller,,E,RP6121
Alara Tranquility 2.4mt Roller,,E,RP6117
Alara zinc 2.0mt Roller,,E,RP6120
Altea Element 2.0 mt Roller,,C,RP6033
Altea Fraction 2.0 mt Roller,,C,RP6034
Altea Fusion 2.0 mt Roller,,C,RP6036
Altea Glow 2.0MT Roller,,C,RP6030
Altea Mineral 2.0MT Roller,,C,RP6031
Alvor Aqua 2.0MT Roller,,D,RP5317
Alvor Bacco 2.0mt Roller,,D,RP6052
Alvor Esse 2.0mt Roller,,D,RP6054
Alvor Otto 2.0mt Roller,,D,RP6053
Amaris Beige Wide 2.0mt Roller,,A,RP751
Amaris White Wide 2.0mt Roller,,A,RP750
Amico Breva 2.4mt Roller,,C,RP4095
Amico Vanilla 2.4mt Roller,,C,RP4096
Arona Ash 2.4mt Roller,,C,RP6075
Arona Brulee 2.4mt Roller,,C,RP6071
Arona Impact 2.4mt Roller,,C,RP6077
Arona Jewel 2.4mt Roller,,C,RP6083
Arona Naval 2.4mt Roller,,C,RP6084
Arona Pebble 2.4mt Roller,,C,RP6073
Arona Ray 2.4mt Roller,,C,RP6079
Arona Siren 2.4mt Roller,,C,RP6078
Arona Space 2.4mt Roller,,C,RP6074
Arona Stark 2.4mt Roller,,C,RP6069
Arona Stone 2.4mt Roller,,C,RP6072
Arona Vela 2.4mt Roller,,C,RP6076
Arona Verde 2.4mt Roller,,C,RP6081
Arona Warmth 2.4mt Roller,,C,RP6070
Arona Wave 2.4mt Roller,,C,RP6082
Arona Zest 2.4mt Roller,,C,RP6080
Astro Dream 2.0mt Roller,,D,RP6153
Astro Murmur 2.0mt Roller,,D,RP6152
Astro Sky 2.0mt Roller,,D,RP6154
Barclay Moon 3.0mt Roller,,B,RP5981
Barclay Noir 3.0mt Roller,,B,RP5982
Barclay Pure 3.0mt Roller,,B,RP5977
Bella Amalfi 2.0mt Roller,,C,RP5007
Bella Arcadia 2.0mt Roller,,C,RP5009
Bella Beige 2.0mt Roller,,C,RP798
Bella Bossa 2.0mt Roller,,C,RP5010
Bella Bossa 3.0MT Roller,,C,RP5421
Bella Boujee 2.0mt Roller,,C,RP5403
Bella Brittany 2.0mt Roller,,C,RP5011
Bella Brittany 3.0MT Roller,,C,RP5423
Bella Bullet 2.0mt Roller,,C,RP5012
Bella Butter 2.0mt Roller,,C,RP799
Bella Cacti 2.0mt Roller,,C,RP5405
Bella Canvas 2.0mt Roller,,C,RP4116
Bella Cashew 2.0MT Roller,,C,RP5408
Bella Como 2.0mt Roller,,C,RP5014
Bella Dove 2.0mt Roller,,C,RP5015
Bella Dove 3.0MT Roller,,C,RP5418
Bella Duck Egg 2.0mt Roller,,C,RP5016
Bella Duck Egg 3.0MT Roller,,C,RP5422
Bella Empire 2.0mt Roller,,C,RP5017
Bella Frost 2.0mt Roller,,C,RP802
Bella Gable 2.0mt Roller,,C,RP5020
Bella Glade 2.0mt Roller,,C,RP5021
Bella Glade 3.0MT Roller,,C,RP5424
Bella Grey Whisper 2.0mt Roller,,C,RP1142
Bella Grey Whisper 3.0MT Roller,,C,RP5419
Bella Havana 2.0mt Roller,,C,RP5023
Bella Heat 2.0MT Roller,,C,RP5406
Bella Hessian 2.0mt Roller,,C,RP1144
Bella Indigo 2.0mt Roller,,C,RP1145
Bella Indigo 3.0MT Roller,,C,RP5425
Bella Lipstick 2.0mt Roller,,C,RP5027
Bella Mambo 2.0mt Roller,,C,RP5028
Bella Maylar 2.0mt Roller,,C,RP5029
Bella Midnight 2.0mt Roller,,C,RP5030
Bella Mineral 2.0mt Roller,,C,RP5031
Bella Mirage 2.0mt Roller,,C,RP5032
Bella Modesty 2.0mt Roller,,C,RP5033
Bella Mono 2.0mt Roller,,C,RP5034
Bella Nato 2.0mt Roller,,C,RP5035
Bella Noir 2.0mt Roller,,C,RP1255
Bella Oyster 2.0mt Roller,,C,RP1254
Bella Oyster 3.0MT Roller,,C,RP5417
Bella Paper 2.0mt Roller,,C,RP804
Bella Placid 2.0mt Roller,,C,RP5037
Bella Pop 2.0MT Roller,,C,RP5407
Bella Portobello 2.0mt Roller,,C,RP5038
Bella Rock 2.0mt Roller,,C,RP4114
Bella Rock 3.0MT Roller,,C,RP5420
Bella Ruby 2.0mt Roller,,C,RP5039
Bella Scarlett 2.0mt Roller,,C,RP4127
Bella Shine 2.0MT Roller,,C,RP5410
Bella Sloe 2.0mt Roller,,C,RP4119
Bella Snow 2.0mt Roller,,C,RP5041
Bella Snow 3.0MT Roller,,C,RP5416
Bella Taupe 2.0mt Roller,,C,RP5045
Bella Tropez 2.0mt Roller,,C,RP4113
Bella Vellum 2.0mt Roller,,C,RP5047
Bella Vine 2.0mt Roller,,C,RP4122
Bella Wave 2.0MT Roller,,C,RP5409
Bexley Blush 2.0MT Roller,,B,RP5379
Bexley Cotton 2.0mt Roller,,B,RP5049
Bexley Creme 2.0mt Roller,,B,RP5050
Bexley Duck Egg 2.0mt Roller,,B,RP5051
Bexley Hydra 2.0MT Roller,,B,RP5380
Bexley Peony 2.0mt Roller,,B,RP5053
Bexley Sandstone 2.0mt Roller,,B,RP5055
Bexley Shadow 2.0mt Roller,,B,RP5056
Bexley Truffle 2.0mt Roller,,B,RP5059
Bexley Zinc 2.0mt Roller,,B,RP5060
Boheme Balance 1.83mt Roller,,B,RP6014
Boheme Eden 1.83mt Roller,,B,RP6012
Boheme Steel 1.83mt Roller,,B,RP5512
Boheme Summer 1.83mt Roller,,B,RP5514
Boheme Surf 1.83mt Roller,,B,RP6013
Boho Berry 2.0mt Roller,,B,RP6143
Boho Haze 2.0mt Roller,,B,RP6140
Boho Summer 2.0mt Roller,,B,RP6141
Boho Teal 2.0mt Roller,,B,RP6142
Calista Citrus 2.0mt Roller,,D,RP5427
Calista Lust 2.0MT Roller,,D,RP5426
Calista Radience 2.0MT Roller,,D,RP5429
Cleo Beige Wide 2.0mt Roller,,A,RP753
Cleo White Wide 2.0mt Roller,,A,RP752
Como Balance 2.0mt Roller,,B,RP5432
Como Bare 2.0mt Roller,,B,RP5430
Como Bliss 2mt roller,,B,RP5442
Como Curious 2mt roller,,B,RP5444
Como Deep 2mt roller,,B,RP5447
Como Drama 2.0mt Roller,,B,RP5438
Como Harbour 2.0mt Roller,,B,RP5435
Como Harmony 2.0mt Roller,,B,RP5437
Como Impact 2.0mt Roller,,B,RP5436
Como Kiss 2mt roller,,B,RP5446
Como Nomad 2.0mt Roller,,B,RP5434
Como Nurture 2mt roller,,B,RP5441
Como Rise 2mt roller,,B,RP5445
Como Sense 2.0mt Roller,,B,RP5433
Como Skies 2mt roller,,B,RP5443
Como Sorbet 2mt roller,,B,RP5440
Como Space 2.0mt Roller,,B,RP5439
Como Tranquil 2.0mt Roller,,B,RP5431
Devon Denim 2.0mt Roller,,B,RP5067
Devon Sand 2.0mt Roller,,B,RP4290
Devon Shadow 2.0mt Roller,,B,RP4292
Devon Whisper 2.0mt Roller,,B,RP5070
Dino Earth 2.0mt Roller,,D,RP6156
Diva Intimate 1.83mt Roller,,C,RP2266
Diva Obsession 1.83mt Roller,,C,RP2265
Diva Vanity 1.83mt Roller,,C,RP2267
Dollie Swirl 2.0mt Roller,,D,RP6155
Ducato Cholla 3.0 MT Roller,,D,RP5488
Ducato Fero 3.0 MT Roller,,D,RP5491
Ducato Moon 3.0 MT Roller,,D,RP5487
Ducato Night 3.0 MT Roller,,D,RP5490
Ducato Oxygen 3.0 MT Roller,,D,RP5489
Ella Alba 2.0MT Roller,,C,RP5485
Ella Aspin 2.0MT Roller,,C,RP5486
Ella Blockout Alba 2.0MT Roller,,D,RP2519
Ella Blockout Aspin 2.0MT Roller,,D,RP2520
Ella Blockout Este 2.0MT Roller,,D,RP2517
Ella Blockout Tilia 2.0MT Roller,,D,RP2518
Ella Este 2.0MT Roller,,C,RP5483
Ella Tilia 2.0MT Roller,,C,RP5484
Ennis Angora 2.0mt Roller,,C,RP6049
Ennis Arran 2.0mt Roller,,C,RP6047
Ennis Cashmere 2.0mt Roller,,C,RP6048
Ennis Duck Egg 2.0MT Roller,,C,RP5318
Ennis Lauden 2.0mt Roller,,C,RP6050
Ennis Melton 2.0MT Roller,,C,RP5391
Estella Celeste 2.0mt Roller,,C,RP6026
Fiesta Cream 2mt Roller,,A,RP1223
Fiesta Mist 2mt roller,,A,RP6113
Fiesta White 2mt Roller,,A,RP1222
Flock Melody 2.0MT Roller,,C,RP5470
Focal Shadow 3.0mt Roller,,D,RP5944
Glimpse Blush 3.0mt Roller,,C,RP5997
Glimpse Brulee 3.0mt Roller,,C,RP5999
Glimpse Denim 3.0 MT Roller,,C,RP5382
Glimpse Gaze 3.0mt Roller,,C,RP5998
Glimpse Noir 3.0mt Roller,,C,RP5995
Glimpse Oyster 3.0mt Roller,,C,RP6000
Glimpse Sage 3.0 MT Roller,,C,RP5381
Glimpse Snow 3.0mt Roller,,C,RP5994
Glimpse Twilight 3.0mt Roller,,C,RP5996
Halo Pure 2.0mt Roller,,A,RP5976
Hanson Astor 2.0mt Roller,,C,RP5082
Hanson Ballet 2.0MT Roller,,C,RP5388
Hanson Chili 2.0mt Roller,,C,RP5083
Hanson Denim 2.0mt Roller,,C,RP5084
Hanson Dusk 2.0mt Roller,,C,RP5085
Hanson Graphite 2.0mt Roller,,C,RP5086
Hanson Honey 2.0MT Roller,,C,RP5387
Hanson Marine 2.0MT Roller,,C,RP5389
Hanson Midnight  2.0MT Roller,,C,RP5390
Hanson Nori 2.0mt Roller,,C,RP5087
Hanson Sand 2.0mt Roller,,C,RP5088
Hanson Shadow 2.0mt Roller,,C,RP5090
Hanson Shell 2.0mt Roller,,C,RP5089
Hayden Empire 3.0mt Roller,,B,RP5993
Hayden Fern 3.0mt Roller,,B,RP5990
Hayden Harmony 3.0MT Roller,,B,RP5321
Hayden Heritage 3.0MT Roller,,B,RP5322
Hayden Honey 3.0MT Roller,,B,RP5323
Hayden Midnight 3.0MT Roller,,B,RP5400
Hayden Mist 3.0mt Roller,,B,RP5991
Hayden Shadow 3.0mt Roller,,B,RP5992
Hayden Sky 3.0MT Roller,,B,RP5320
Hayden Warmth 3.0mt Roller,,B,RP5989
Hayden Whisper 3.0mt Roller,,B,RP5988
Hayworth Empire 3.0mt Roller,,C,RP6068
Hayworth Fern 3.0mt Roller,,C,RP6065
Hayworth Harmony 3.0MT Roller,,C,RP5325
Hayworth Heritage 3.0MT Roller,,C,RP5326
Hayworth Honey 3.0MT Roller,,C,RP5327
Hayworth Midnight 3.0MT Roller,,C,RP5411
Hayworth Mist 3.0mt Roller,,C,RP6066
Hayworth Shadow 3.0mt Roller,,C,RP6067
Hayworth Sky 3.0MT Roller,,C,RP5324
Hayworth Warmth 3.0mt Roller,,C,RP6064
Hayworth Whisper 3.0mt Roller,,C,RP6063
Henlow Astor 2.0mt Roller,,B,RP5092
Henlow Ballet 2.0MT Roller,,B,RP5314
Henlow Chili 2.0mt Roller,,B,RP5093
Henlow Denim 2.0mt Roller,,B,RP5094
Henlow Dusk 2.0mt Roller,,B,RP5095
Henlow Graphite 2.0mt Roller,,B,RP4312
Henlow Honey 2.0MT Roller,,B,RP5313
Henlow Marine 2.0MT Roller,,B,RP5315
Henlow Midnight 2.0MT Roller,,B,RP5399
Henlow Nori 2.0mt Roller,,B,RP5096
Henlow Sand 2.0mt Roller,,B,RP4313
Henlow Shadow 2.0mt Roller,,B,RP4204
Henlow Shell 2.0mt Roller,,B,RP5097
Isla Aloe 1.83mt Roller,,C,RP5099
Isla Ivory 1.83mt Roller,,C,RP5100
Isla Marina 1.83mt Roller,,C,RP5101
Isla Sorbet 1.83mt Roller,,C,RP5102
Isla Whisper 1.83mt Roller,,C,RP5103
Java Cream Wide 1.9mt Roller,,A,RP747
Java White Wide 1.9mt Roller,,A,RP746
Kashi Devine 1.83MT Roller,,B,RP5482
Kashi Lima 1.83MT Roller,,B,RP5480
Kashi Paradise 1.83MT Roller,,B,RP5478
Kashi Salva 1.83MT Roller,,B,RP5481
Kashi Utopia 1.83MT Roller,,B,RP5479
Kelso Blockout Charm 2.0MT Roller,,D,RP5822
Kelso Blockout Enchant 2.0MT Roller,,D,RP5820
Kelso Blockout Mystique 2.0MT Roller,,D,RP5821
Kelso Charm 2.0MT Roller,,B,RP5456
Kelso Enchant 2.0MT Roller,,B,RP5493
Kelso Mystique 2.0MT Roller,,B,RP5455
Kira Cream Wide 2.04mt Roller,,A,RP745
Kira White Wide 2.04mt Roller,,A,RP744
Kona Escape 2mt roller,,C,RP6107
Kona Fresco 2mt roller,,C,RP6106
Lacuna Flare 2MT Roller,,C,RP6124
Lacuna Imagine 2MT Roller,,C,RP6125
Lacuna Muse 2MT Roller,,C,RP6126
Leighton Pure 3.0 MT Roller,,C,RP5341
Leighton Summer 3.0 MT Roller,,C,RP5343
Leighton Twilight 3.0 MT Roller,,C,RP5342
Lennox Pure 3.0 MT Roller,,D,RP5338
Lennox Summer 3.0 MT Roller,,D,RP5340
Lennox Twilight 3.0 MT Roller,,D,RP5339
Liberte Blush 2.0mt Roller,,B,RP6148
Liberte Coast 2.0mt Roller,,B,RP6146
Liberte Pebble 2.0mt Roller,,B,RP6147
Lissa Sand 1.83mt Roller,,C,RP6157
Lissa Sky 1.83mt Roller,,C,RP6159
Lissa Tranquil 1.83mt Roller,,C,RP6158
Lottie Citrine 2.0mt Roller,,C,RP6149
Lottie Lemon 2.0mt Roller,,C,RP6150
Lottie Rouge 2.0mt Roller,,C,RP6151
Luxari Beige 1.83mt Roller,,C,RP4089
Luxari Cream 1.83mt Roller,,C,RP4088
Luxari White 1.83mt Roller,,C,RP4087
Malimo Frost 2.0mt Roller,,A,RP1226
Malimo Oyster 2.0mt Roller,,A,RP1227
Mallory Aurora 2.0MT Roller,,C,RP5450
Mallory Glow 2.0mt Roller,,C,RP5963
Mallory Sunrise 2.0mt Roller,,C,RP5962
Mallory Twilight 2.0mt Roller,,C,RP5964
Marlow Cotton 2.0mt Roller,,C,RP5530
Marlow Graphite 2.0mt Roller,,C,RP4293
Marlow Ivory 2.0mt Roller,,C,RP4294
Marlow Steel 2.0mt Roller,,C,RP4297
Marlow Stone 2.0mt Roller,,C,RP5531
Memento Aurora 2.0mt Roller,,C,RP5953
Memento Blockout Aurora 2.0MT Roller,,D,RP2525
Memento Blockout Dawn 2.0MT Roller,,D,RP2524
Memento Blockout Twilight 2.0MT Roller,,D,RP2526
Memento Dawn 2.0mt Roller,,C,RP5952
Memento Twilight 2.0MT Roller,,C,RP5451
Messina Femme 2.0MT Roller,,C,RP5448
Messina Raven 2.0MT Roller,,C,RP5360
Messina Riviera 2.0MT Roller,,C,RP5361
Messina Sky 2.0MT Roller,,C,RP5449
Messina Warmth 2.0MT Roller,,C,RP5359
Messina Whisper 2.0MT Roller,,C,RP5358
Metz Ash 1.83mt Roller,,C,RP5111
Metz Black 1.83mt Roller,,C,RP354
Metz Ivory 1.83mt Roller,,C,RP4079
Metz Moon 1.83mt Roller,,C,RP6008
Metz Stone 1.83mt Roller,,C,RP5112
Metz White 1.83mt Roller,,C,RP350
Midas Crystal 2.0mt Roller,,E,RP4005
Midas Zircon 2.0mt Roller,,E,RP6007
Miro Blockout Cardona 2.0MT Roller,,D,RP2523
Miro Blockout Modesto 2.0MT Roller,,D,RP2521
Miro Blockout Sonoma 2.0MT Roller,,D,RP2522
Miro Cardona 2.0mt Roller,,C,RP5970
Miro Modesto 2.0MT Roller,,C,RP5452
Miro Sonoma 2.0mt Roller,,C,RP5969
Monarch Cream 2.0mt Roller,,A,RP1241
Monarch White 2.0mt Roller,,A,RP1240
Mood Cosmic 2.0mt Roller,,A,RP5113
Mood Cotton 2.0mt Roller,,A,RP5114
Moxie Ash 2.0mt Roller,,C,RP6145
Moxie Confetti 2.0mt Roller,,C,RP6160
Moxie Fresh 2.0mt Roller,,C,RP6161
Moxie Lagoon 2.0 mt Roller,,C,RP6144
Myth Flax 2.0MT Roller,,C,RP5368
Myth Hemp 2.0MT Roller,,C,RP5369
Napa Mersin 2.0mt Roller,,B,RP2361
Nico Beige 2.5m,,A3,RP5803
Nico Cotton White 2.5m,,A3,RP5801
Nico Cream 2.5m,,A3,RP5802
Nico Light Grey 2.5m,,A3,RP5805
Nico Mid-Grey 2.5m,,A3,RP5806
Nico Noir 2.5m,,A3,RP5807
Nico Pure White 2.5m,,A3,RP5800
No Fabric Required,,A,NOFABR
Odin Flax 2.0MT Roller,,D,RP5364
Odin Midnight 2.0MT Roller,,D,RP5365
Odin Myth 2.0MT Roller,,D,RP5363
Odin Sea 2.0MT Roller,,D,RP5366
Odin Solas 2.0MT Roller,,D,RP5367
Opus Beige Wide 2.0mt Roller,,A,RP755
Opus Mist 2mt roller,,A,RP6112
Opus White Wide 2.0mt Roller,,A,RP754
Orissa Brulee 2.5MT Roller,,C,RP5329
Orissa Denim 2.5MT Roller,,C,RP5335
Orissa Femme 2.5MT Roller,,C,RP5334
Orissa Graphite 2.5MT Roller,,C,RP5332
Orissa Mellow 2.5MT Roller,,C,RP5333
Orissa Midnight 2.5MT Roller,,C,RP5337
Orissa Mist 2.5MT Roller,,C,RP5331
Orissa Stone 2.5MT Roller,,C,RP5330
Orissa Teal 2.5MT Roller,,C,RP5336
Orissa Warmth 2.5MT Roller,,C,RP5328
Plaza Graphite 1.83mt Roller,,B,RP5121
Plaza Sense 1.83mt Roller,,B,RP6010
Plaza Steel 1.83mt Roller,,B,RP5122
Plaza Stone 1.83mt Roller,,B,RP5123
Plaza Touch 1.83mt Roller,,B,RP6009
Plaza Whisper 1.83mt Roller,,B,RP5125
Puriti Cotton 2.1mt Roller,,B,RP1121
Renzo Armada 2.0mt Roller,,C,RP6043
Renzo Chalk 2.0mt Roller,,C,RP6042
Renzo Glow 2.0mt Roller,,C,RP6046
Renzo Heat 2.0MT Roller,,C,RP5316
Renzo Maya 2.0mt Roller,,C,RP6044
Renzo Steel 2.0mt Roller,,C,RP6045
Rocha Brulee 3.0 MT Roller,,D,RP5345
Rocha Fern 3.0 MT Roller,,D,RP5346
Rocha Sky 3.0 MT Roller,,D,RP5344
Rocha Wolf 3.0 MT Roller,,D,RP5347
Sabina Midnight 2.5MT Roller,,E,RP5454
Sabina Mist 2.5MT Roller,,E,RP5453
Sahara Cream 1.83mt Roller,,C,RP1037
Sahara Vapour 1.83mt Roller,,C,RP6011
Sahara White 1.83mt Roller,,C,RP1038
Samba Cream 1.83mt Roller,,C,RP242
Samba Frost 1.83mt Roller,,C,RP240
Samba Steel 1.83mt Roller,,C,RP5136
Sasha Beige 2.0mt Roller,,B,RP4336
Sasha White 2.0mt Roller,,B,RP4335
Savannah Cream 2.0mt Roller,,B,RP4334
Savannah White 2.0mt Roller,,B,RP4333
Scope Balance 2.0mt Roller,,AA,RP5462
Scope Bare 2.0mt Roller,,AA,RP5460
Scope Drama 2.0mt Roller,,AA,RP5468
Scope Harbour 2.0mt Roller,,AA,RP5465
Scope Harmony 2.0mt Roller,,AA,RP5467
Scope Impact 2.0mt Roller,,AA,RP5466
Scope Nomad 2.0mt Roller,,AA,RP5464
Scope Sense 2.0mt Roller,,AA,RP5463
Scope Space 2.0mt Roller,,AA,RP5469
Scope Tranquil 2.0mt Roller,,AA,RP5461
Semana Ice 2.0mt Roller,,C,RP5144
Sento Cameo 3.0mt Roller,,C,RP5948
Sento Duckegg 3.0mt Roller,,C,RP5949
Sento Gaze 3.0mt Roller,,C,RP5950
Sento Mist 3.0mt Roller,,C,RP5951
Sephora Azure 2.0mt Roller,,C,RP5398
Sephora Blockout Azure 2.0MT Roller,,D,RP2529
Sephora Blockout Sage 2.0MT Roller,,D,RP2528
Sephora Blockout Sand 2.0MT Roller,,D,RP2527
Sephora Blockout Steel 2.0MT Roller,,D,RP2530
Sephora Sage 2.0mt Roller,,C,RP5397
Sephora Sand 2.0mt Roller,,C,RP5395
Sephora Steel 2.0mt Roller,,C,RP5394
Serena Beige 2.0mt Roller,,B,RP4332
Serena White 2.0mt Roller,,B,RP4331
Serra Brulee 2.0MT Roller,,C,RP6169
Serra Cloud 2.0MT Roller,,C,RP6168
Serra Pebble 2.0MT Roller,,C,RP6170
Serra Shine 2.0MT Roller,,C,RP6171
Serra Thunder 2.0MT Roller,,C,RP6172
Shima Quartz 2.0mt Roller,,B,RP5153
Sio Charcoal 2.0mt Roller,,B,RP5155
Sio Pastello 2MT Roller,,B,RP5311
Sio Rossa 2MT Roller,,B,RP5312
Sio Stucco 2.0mt Roller,,B,RP5159
Sirocco Gesso 1.83mt Roller,,B,RP6015
Sirocco Haze 1.83mt Roller,,B,RP6016
Sirocco Pewter 1.83mt Roller,,B,RP6019
Sirocco Pitch 1.83mt Roller,,B,RP6020
Sirocco Sense 1.83mt Roller,,B,RP6017
Sirocco Stone 1.83mt Roller,,B,RP6018
Sisi Biscuit 2.0MT Roller,,C,RP5371
Sisi Cotton 2.0MT Roller,,C,RP5370
Sisi Dove 2.0MT Roller,,C,RP5372
Sisi Summer 2.0MT Roller,,C,RP5373
Solice Whisper 2.5mt Roller,,B,RP4149
Soma Graphite 3.0mt Roller,,C,RP6025
Soma Regal 3.0mt Roller,,C,RP6023
Soma Steel 3.0mt Roller,,C,RP6024
Sora Meadow 1.83MT Roller,,C,RP6167
Sora Mist 1.83MT Roller,,C,RP6164
Sora Sand 1.83MT Roller,,C,RP6162
Sora Sky 1.83MT Roller,,C,RP6166
Sora Sun 1.83MT Roller,,C,RP6165
Sora Truffle 1.83MT Roller,,C,RP6163
Special Fabric - 3.2,,A,ZRP07
Special Fabric -A,,A,ZRP01
Splash Amalfi 2.0mt Roller,,A,RP5160
Splash Arcadia 2.0mt Roller,,A,RP5162
Splash Beige 2.0mt Roller,,A,RP122
Splash Bossa 2.0mt Roller,,A,RP5163
Splash Bossa 3.0MT Roller,,A,RP2226
Splash Boujee 2.0mt Roller,,A,RP5303
Splash Brittany 2.0mt Roller,,A,RP5164
Splash Brittany 3.0MT Roller,,A,RP2228
Splash Bullet 2.0mt Roller,,A,RP5165
Splash Butter 2.0mt Roller,,A,RP980
Splash Cacti 2.0mt Roller,,A,RP5305
Splash Canvas 2.0mt Roller,,A,RP4036
Splash Cashew 2.0MT Roller,,A,RP5308
Splash Chocolate 2.0mt Roller,,A,RP979
Splash Dove 3.0MT Roller,,A,RP2223
Splash Dove2.0mt Roller,,A,RP2204
Splash Duck Egg 2.0mt Roller,,A,RP4054
Splash Duck Egg 3.0MT Roller,,A,RP2227
Splash Empire 2.0mt Roller,,A,RP5168
Splash Frost 2.0mt Roller,,A,RP119
Splash Gable 2.0mt Roller,,A,RP5170
Splash Glade 2.0mt Roller,,A,RP5171
Splash Glade 3.0MT Roller,,A,RP2229
Splash Grey Whisper 2.0mt Roll,,A,RP5172
Splash Grey Whisper 3.0MT Roller,,A,RP2224
Splash Havana 2.0mt Roller,,A,RP2203
Splash Heat 2.0MT Roller,,A,RP5306
Splash Hessian 2.0mt Roller,,A,RP992
Splash Indigo 2.0mt Roller,,A,RP993
Splash Indigo 3.0MT Roller,,A,RP2230
Splash Lipstick 2.0mt Roller,,A,RP5176
Splash Mambo 2.0mt Roller,,A,RP5177
Splash Maylar 2.0mt Roller,,A,RP4039
Splash Midnight 2.0mt Roller,,A,RP5178
Splash Mineral 2.0mt Roller,,A,RP4059
Splash Mirage 2.0mt Roller,,A,RP5179
Splash Modesty 2.0mt Roller,,A,RP4038
Splash Mono 2.0mt Roller,,A,RP5180
Splash Nato 2.0mt Roller,,A,RP5181
Splash Noir 2.0mt Roller,,A,RP1214
Splash Oyster 2.0mt Roller,,A,RP121
Splash Oyster 3.0MT Roller,,A,RP2222
Splash Paper 2.0mt Roller,,A,RP120
Splash Placid 2.0mt Roller,,A,RP5183
Splash Pop 2.0MT Roller,,A,RP5307
Splash Portobello 2.0mt Roller,,A,RP5184
Splash Rock 2.0mt Roller,,A,RP1217
Splash Rock 3.0MT Roller,,A,RP2225
Splash Ruby 2.0mt Roller,,A,RP4048
Splash Scarlett 2.0mt Roller,,A,RP2213
Splash Shine 2.0MT Roller,,A,RP5392
Splash Sloe 2.0mt Roller,,A,RP4051
Splash Snow 2.0mt Roller,,A,RP4035
Splash Snow 3.0MT Roller,,A,RP2221
Splash Taupe 2.0mt Roller,,A,RP4040
Splash Tiffany 2.0mt Roller,,A,RP4055
Splash Tropez 2.0mt Roller,,A,RP2211
Splash Vellum 2.0mt Roller,,A,RP5188
Splash Vine 2.0mt Roller,,A,RP2217
Splash Wave 2.0MT Roller,,A,RP5309
Staten Granite 1.83mt Roller,,B,RP4069
Staten Imperial 1.83mt Roller,,B,RP4070
Staten Lava 1.83mt Roller,,B,RP4071
Staten Lime 1.83mt Roller,,B,RP4072
Staten Linen 1.83mt Roller,,B,RP4277
Staten White 1.83mt Roller,,B,RP4068
Tallulah Blockout Duckegg 2.0MT Roller,,D,RP2515
Tallulah Blockout Hope 2.0MT Roller,,D,RP2514
Tallulah Blockout Mist 2.0MT Roller,,D,RP2516
Tallulah Blockout Stone 2.0MT Roller,,D,RP2513
Tallulah Duck Egg 2.0MT Roller,,B,RP5476
Tallulah Hope 2.0MT Roller,,B,RP5475
Tallulah Mist 2.0MT Roller,,B,RP5477
Tallulah Stone 2.0MT Roller,,B,RP5474
Tansy Desire 2mt roller,,C,RP6111
Tansy Meadow 2mt roller,,C,RP6109
Tansy Sandstone 2mt roller,,C,RP6108
Tansy Sky 2mt roller,,C,RP6110
Treviso Ecru 2.0mt Roller,,C,RP4107
Treviso Graphite 2.0mt Roller,,C,RP5556
Treviso Pomelo 2.0mt Roller,,C,RP5558
Treviso Shadow 2.0m Roller,,C,RP4108
Tropic Lima 2.0mt Roller,,C,RP6059
Tropic Rumba 2.0mt Roller,,C,RP6060
UniColour Ash 2.5mt Roller,,B,RP2417
UniColour Ash 2mt Roller,,B,RP2399
UniColour Ash 3.0mt Roller,,B,RP5561
UniColour Atmosphere 2.0mt Roller,,B,RP5621
UniColour Atmosphere 2.5mt Roller,,B,RP5622
UniColour Atmosphere 3.0mt Roller,,B,RP5623
UniColour Batik 2.0mt Roller,,B,RP5624
UniColour Batik 2.5mt Roller,,B,RP5625
UniColour Batik 3.0mt Roller,,B,RP5626
UniColour Beige 2.5mt Roller,,B,RP2413
UniColour Beige 2mt Roller,,B,RP2395
UniColour Beige 3.0mt Roller,,B,RP5562
UniColour Black  2mt Roller,,B,RP2401
UniColour Black 2.5mt Roller,,B,RP2419
UniColour Black 3.0mt Roller,,B,RP5563
UniColour Charcoal 2.5mt Rolle,,B,RP2418
UniColour Charcoal 2mt Roller,,B,RP2400
UniColour Charcoal 3.0mt Rolle,,B,RP5564
UniColour Chocolate 2.5mt Roller,,B,RP2415
UniColour Chocolate 2mt Roller,,B,RP2397
UniColour Chocolate 3.0mt Roll,,B,RP5565
UniColour Cream 2.5mt Roller,,B,RP2412
UniColour Cream 2mt Roller,,B,RP2394
UniColour Cream 3.0mt Roller,,B,RP5566
UniColour Cyan  2.5mt Roller,,B,RP2422
UniColour Cyan 2mt Roller,,B,RP2404
UniColour Cyan 3.0mt Roller,,B,RP5567
UniColour Dove 2.5mt Roller,,B,RP2416
UniColour Dove 2mt Roller,,B,RP2398
UniColour Dove 3.0mt Roller,,B,RP5568
UniColour Escape 2.0mt Roller,,B,RP5633
UniColour Escape 2.5mt Roller,,B,RP5634
UniColour Escape 3.0mt Roller,,B,RP5635
UniColour Flint 2.0mt Roller,,B,RP5642
UniColour Flint 2.5mt Roller,,B,RP5643
UniColour Flint 3.0mt Roller,,B,RP5644
UniColour Glade 2.0mt Roller,,B,RP5630
UniColour Glade 2.5mt Roller,,B,RP5631
UniColour Glade 3.0mt Roller,,B,RP5632
UniColour Kara 2.0mt Roller,,B,RP5693
UniColour Kara 2.5mt Roller,,B,RP5694
UniColour Kara 3.0mt Roller,,B,RP5695
UniColour Kiwi 2.0mt Roller,,B,RP5627
UniColour Kiwi 2.5mt Roller,,B,RP5628
UniColour Kiwi 3.0mt Roller,,B,RP5629
UniColour Lapis 2.0mt Roller,,B,RP5636
UniColour Lapis 2.5mt Roller,,B,RP5637
UniColour Lapis 3.0mt Roller,,B,RP5638
UniColour Luna 2.0mt Roller,,B,RP5696
UniColour Luna 2.5mt Roller,,B,RP5697
UniColour Luna 3.0mt Roller,,B,RP5698
UniColour Morello 2.0mt Roller,,B,RP5648
UniColour Morello 2.5mt Roller,,B,RP5649
UniColour Morello 3.0mt Roller,,B,RP5650
UniColour Mulberry 2.0mt Roller,,B,RP5618
UniColour Mulberry 2.5mt Roller,,B,RP5619
UniColour Mulberry 3.0mt Roller,,B,RP5620
UniColour Naro 2.0mt Roller,,B,RP5645
UniColour Naro 2.5mt Roller,,B,RP5646
UniColour Naro 3.0mt Roller,,B,RP5647
UniColour Navy 2.5mt Roller,,B,RP2428
UniColour Navy 2mt Roller,,B,RP2410
UniColour Navy 3.0mt Roller,,B,RP5569
UniColour Rayon 2.0mt Roller,,B,RP5615
UniColour Rayon 2.5mt Roller,,B,RP5616
UniColour Rayon 3.0mt Roller,,B,RP5617
UniColour Red 2.5mt Roller,,B,RP2420
UniColour Red 2mt Roller,,B,RP2402
UniColour Red 3.0mt Roller,,B,RP5570
UniColour Shell 2.0mt Roller,,B,RP5639
UniColour Shell 2.5mt Roller,,B,RP5640
UniColour Shell 3.0mt Roller,,B,RP5641
UniColour Taupe 2.5mt Roller,,B,RP2414
UniColour Taupe 2mt Roller,,B,RP2396
UniColour Taupe 3.0mt Roller,,B,RP5571
UniColour White 2.5mt Roller,,B,RP2411
UniColour White 2mt Roller,,B,RP2393
UniColour White 3.0mt Roller,,B,RP5572
Uniline Chalk 2.44mt Roller,,B,RP2050
Uniline Noir 2.44mt Roller,,B,RP2054
Unilux Anthracite 1.83mt Rolle,,A,RP5415
Unilux Anthracite 2.5mt Roller,,A,RP5714
Unilux Anthracite 3.0mt Roller,,A,RP5707
Unilux Black 1.83mt Roller,,A,RP070
Unilux Black 2.5mt Roller,,A,RP5708
Unilux Black 3.0mt Roller,,A,RP5701
Unilux Butter 1.83mt Roller,,A,RP1041
Unilux Butter 2.5mt Roller,,A,RP5709
Unilux Butter 3.0mt Roller,,A,RP5702
Unilux Cream 1.83mt Roller,,A,RP073
Unilux Cream 2.5mt Roller,,A,RP5710
Unilux Cream 3.0mt Roller,,A,RP5703
Unilux Granite 1.83mt Roller,,A,RP4073
Unilux Grey 1.83mt Roller,,A,RP072
Unilux Grey 2.5mt Roller,,A,RP5711
Unilux Grey 3.0mt Roller,,A,RP5704
Unilux Imperial 1.83mt Roller,,A,RP4076
Unilux Jade 1.83mt Roller,,A,RP5414
Unilux Lava 1.83mt Roller,,A,RP4075
Unilux Lime 1.83mt Roller,,A,RP4074
Unilux Linen 1.83mt Roller,,A,RP1043
Unilux Linen 2.5mt Roller,,A,RP5712
Unilux Linen 3.0mt Roller,,A,RP5705
Unilux Marine 1.83mt Roller,,A,RP1056
Unilux Solar 1.83mt Roller,,A,RP5413
Unilux Stone 1.83mt Roller,,A,RP5412
Unilux Surf 1.83mt Roller,,A,RP1055
Unilux White 1.83mt Roller,,A,RP071
Unilux White 2.5mt Roller,,A,RP5713
Unilux White 3.0mt Roller,,A,RP5706
UniShade Ash 2.0mt,,C,RP5573
UniShade Ash 2.5mt,,C,RP5585
UniShade Ash 3.0mt,,C,RP5597
UniShade Atmosphere 2.0mt Roller,,C,RP5663
UniShade Atmosphere 2.5mt Roller,,C,RP5664
UniShade Atmosphere 3.0mt Roller,,C,RP5665
UniShade Batik 2.0mt Roller,,C,RP5666
UniShade Batik 2.5mt Roller,,C,RP5667
UniShade Batik 3.0mt Roller,,C,RP5668
UniShade Beige 2.0mt,,C,RP5574
UniShade Beige 2.5mt,,C,RP5586
UniShade Beige 3.0mt,,C,RP5598
UniShade Black 2.0mt,,C,RP5575
UniShade Black 2.5mt,,C,RP5587
UniShade Black 3.0mt,,C,RP5599
UniShade Charcoal 2.0mt,,C,RP5576
UniShade Charcoal 2.5mt,,C,RP5588
UniShade Charcoal 3.0mt,,C,RP5600
UniShade Chocolate 2.0mt,,C,RP5577
UniShade Chocolate 2.5mt,,C,RP5589
UniShade Chocolate 3.0mt,,C,RP5601
UniShade Cream 2.0mt,,C,RP5578
UniShade Cream 2.5mt,,C,RP5590
UniShade Cream 3.0mt,,C,RP5602
UniShade Cyan 2.0mt,,C,RP5579
UniShade Cyan 2.5mt,,C,RP5591
UniShade Cyan 3.0mt,,C,RP5603
UniShade Dove 2.0mt,,C,RP5580
UniShade Dove 2.5mt,,C,RP5592
UniShade Dove 3.0mt,,C,RP5604
UniShade Escape 2.0mt Roller,,C,RP5675
UniShade Escape 2.5mt Roller,,C,RP5676
UniShade Escape 3.0mt Roller,,C,RP5677
UniShade Flint 2.0mt Roller,,C,RP5684
UniShade Flint 2.5mt Roller,,C,RP5685
UniShade Flint 3.0mt Roller,,C,RP5686
UniShade Glade 2.0mt Roller,,C,RP5672
UniShade Glade 2.5mt Roller,,C,RP5673
UniShade Glade 3.0mt Roller,,C,RP5674
UniShade Kara 2.0mt Roller,,C,RP5651
UniShade Kara 2.5mt Roller,,C,RP5652
UniShade Kara 3.0mt Roller,,C,RP5653
UniShade Kiwi 2.0mt Roller,,C,RP5669
UniShade Kiwi 2.5mt Roller,,C,RP5670
UniShade Kiwi 3.0mt Roller,,C,RP5671
UniShade Lapis 2.0mt Roller,,C,RP5678
UniShade Lapis 2.5mt Roller,,C,RP5679
UniShade Lapis 3.0mt Roller,,C,RP5680
UniShade Luna 2.0mt Roller,,C,RP5654
UniShade Luna 2.5mt Roller,,C,RP5655
UniShade Luna 3.0mt Roller,,C,RP5656
UniShade Morello 2.0mt Roller,,C,RP5690
UniShade Morello 2.5mt Roller,,C,RP5691
UniShade Morello 3.0mt Roller,,C,RP5692
UniShade Mulberry 2.0mt Roller,,C,RP5660
UniShade Mulberry 2.5mt Roller,,C,RP5661
UniShade Mulberry 3.0mt Roller,,C,RP5662
UniShade Naro 2.0mt Roller,,C,RP5687
UniShade Naro 2.5mt Roller,,C,RP5688
UniShade Naro 3.0mt Roller,,C,RP5689
UniShade Navy 2.0mt,,C,RP5581
UniShade Navy 2.5mt,,C,RP5593
UniShade Navy 3.0mt,,C,RP5605
UniShade Rayon 2.0mt Roller,,C,RP5657
UniShade Rayon 2.5mt Roller,,C,RP5658
UniShade Rayon 3.0mt Roller,,C,RP5659
UniShade Red 2.0mt,,C,RP5582
UniShade Red 2.5mt,,C,RP5594
UniShade Red 3.0mt,,C,RP5606
UniShade Shell 2.0mt Roller,,C,RP5681
UniShade Shell 2.5mt Roller,,C,RP5682
UniShade Shell 3.0mt Roller,,C,RP5683
UniShade Taupe 2.0mt,,C,RP5583
UniShade Taupe 2.5mt,,C,RP5595
UniShade Taupe 3.0mt,,C,RP5607
UniShade White 2.0mt,,C,RP5584
UniShade White 2.5mt,,C,RP5596
UniShade White 3.0mt,,C,RP5608
Uniview 1100 Canola 1.83mt Rol,,E,RPU754
Uniview 1100 Canola 2.5mt Roll,,E,RPU760
Uniview 1100 Canola 3.0 mt Rol,,E,RPU766
Uniview 1100 Nutmeg 1.83mt Rol,,E,RPU749
Uniview 1100 Nutmeg 2.5mt Roll,,E,RPU755
Uniview 1100 Nutmeg 3.0 mt Rol,,E,RPU761
Uniview 1100 Shadow 1.83mt Rol,,E,RPU750
Uniview 1100 Shadow 2.5mt Roll,,E,RPU756
Uniview 1100 Shadow 3.0 mt Rol,,E,RPU762
Uniview 1100 Storm 1.83mt Roll,,E,RPU751
Uniview 1100 Storm 2.5mt Rolle,,E,RPU757
Uniview 1100 Storm 3.0mt Rolle,,E,RPU763
Uniview 1100 Twilight 1.83mt R,,E,RPU752
Uniview 1100 Twilight 2.5mt Ro,,E,RPU758
Uniview 1100 Twilight 3.0 mt R,,E,RPU764
Uniview 1100 Winter White 1.83,,E,RPU753
Uniview 1100 Winter White 2.5M,,E,RPU759
Uniview 1100 Winter White 3.0 mt,,E,RPU765
Uniview 1300 Alabaster 1.83mt,,E,RPU728
Uniview 1300 Alabaster 2.5mt,,E,RPU736
Uniview 1300 Alabaster 3.0mt,,E,RPU744
Uniview 1300 Beige 1.83mt,,E,RPU722
Uniview 1300 Beige 2.5mt Rolle,,E,RPU730
Uniview 1300 Beige 3.0mt Rolle,,E,RPU738
Uniview 1300 Cool Grey 1.83mt,,E,RPU729
Uniview 1300 Cool Grey 2.5mt,,E,RPU737
Uniview 1300 Cool Grey 3.0mt,,E,RPU745
Uniview 1300 Crystal 1.83mt,,E,RPU723
Uniview 1300 Crystal 2.5mt,,E,RPU731
Uniview 1300 Crystal 3.0mt,,E,RPU739
Uniview 1300 Jet 1.83mt,,E,RPU725
Uniview 1300 Jet 2.5mt,,E,RPU733
Uniview 1300 Jet 3.0mt,,E,RPU741
Uniview 1300 Pearl Grey 1.83mt,,E,RPU724
Uniview 1300 Pearl Grey 2.5mt,,E,RPU732
Uniview 1300 Pearl Grey 3.0mt,,E,RPU740
Uniview 1300 Soft Steel 1.83mt,,E,RPU727
Uniview 1300 Soft Steel 2.5mt,,E,RPU735
Uniview 1300 Soft Steel 3.0mt,,E,RPU743
Uniview 1300 Stellar 1.83mt,,E,RPU726
Uniview 1300 Stellar 2.5mt,,E,RPU734
Uniview 1300 Stellar 3.0mt,,E,RPU742
Uniview 3000 Alabaster 1.83mt,,D,RPU716
Uniview 3000 Alabaster 2.5mt,,D,RPU717
Uniview 3000 Alabaster 3.0mt,,D,RPU718
Uniview 3000 Beige 1.83mt,,D,RPU664
Uniview 3000 Beige 2.5mt,,D,RPU631
Uniview 3000 Beige 3.0mt,,D,RPU681
Uniview 3000 Cool Grey 1.83mt,,D,RPU719
Uniview 3000 Cool Grey 2.5mt,,D,RPU720
Uniview 3000 Cool Grey 3.0mt,,D,RPU721
Uniview 3000 Crystal  1.83mt Roller,,D,RPU663
Uniview 3000 Crystal 2.5mt Roller,,D,RPU630
Uniview 3000 Crystal 3.0mt Roller,,D,RPU680
Uniview 3000 Eco Athena 3.0mt,,E,RPU769
Uniview 3000 Eco Intense 3.0mt,,E,RPU767
Uniview 3000 Eco Luna 3.0mt,,E,RPU768
Uniview 3000 Eco Quartz 3.0mt,,E,RPU770
Uniview 3000 Jet 1.83mt,,D,RPU669
Uniview 3000 Jet 2.5mt,,D,RPU636
Uniview 3000 Jet 3.0mt,,D,RPU686
Uniview 3000 Pearl Grey 1.83mt Roller,,D,RPU665
Uniview 3000 Pearl Grey 2.5mt Roller,,D,RPU632
Uniview 3000 Pearl Grey 3.0mt Roller,,D,RPU682
Uniview 3000 Soft Steel 1.83mt Roller,,D,RPU666
Uniview 3000 Soft Steel 2.5mt Roller,,D,RPU633
Uniview 3000 Soft Steel 3.0mt Roller,,D,RPU683
Uniview 3000 Stellar 1.83mt Roller,,D,RPU668
Uniview 3000 Stellar 2.5mt Roller,,D,RPU635
Uniview 3000 Stellar 3.0mt Roller,,D,RPU685
Uniview 3100 Canola 1.83mt Roller,,D,RPU746
Uniview 3100 Canola 2.5mt Roller,,D,RPU747
Uniview 3100 Canola 3.0mt Roller,,D,RPU748
Uniview 3100 Nutmeg 1.83mt Roller,,D,RPU649
Uniview 3100 Nutmeg 2.5mt Roller,,D,RPU660
Uniview 3100 Nutmeg 3.0mt Roller,,D,RPU696
Uniview 3100 Shadow 1.83mt Roller,,D,RPU648
Uniview 3100 Shadow 2.5mt Roller,,D,RPU659
Uniview 3100 Shadow 3.0mt Roller,,D,RPU693
Uniview 3100 Storm 1.83mt Roller,,D,RPU650
Uniview 3100 Storm 2.5mt Roller,,D,RPU661
Uniview 3100 Storm 3.0mt Roller,,D,RPU692
Uniview 3100 Twilight 1.83mt Roller,,D,RPU651
Uniview 3100 Twilight 2.5mt Roller,,D,RPU662
Uniview 3100 Twilight 3.0mt Roller,,D,RPU694
Uniview 3100 Winter White 1.8mt Roller,,D,RPU646
Uniview 3100 Winter White 2.5mt Roller,,D,RPU657
Uniview 3100 Winter White 3.0mt Roller,,D,RPU695
Uniview 3200 Astral 1.83mt Roller,,D,RPU703
Uniview 3200 Astral 2.5mt Roller,,D,RPU709
Uniview 3200 Astral 3.0mt Roller,,D,RPU715
Uniview 3200 Dune 1.83mt Roller,,D,RPU699
Uniview 3200 Dune 2.5mt Roller,,D,RPU705
Uniview 3200 Dune 3.0mt Roller,,D,RPU711
Uniview 3200 Prima 1.83mt Roller,,D,RPU698
Uniview 3200 Prima 2.5mt Roller,,D,RPU704
Uniview 3200 Prima 3.0mt Roller,,D,RPU710
Uniview 3200 Spark 1.83mt Roller,,D,RPU700
Uniview 3200 Spark 2.5mt Roller,,D,RPU706
Uniview 3200 Spark 3.0mt Roller,,D,RPU712
Uniview 3200 Spectre 1.83mt Roller,,D,RPU702
Uniview 3200 Spectre 2.5mt Roller,,D,RPU708
Uniview 3200 Spectre 3.0mt Roller,,D,RPU714
Uniview 3200 Urbane 1.83mt Roller,,D,RPU701
Uniview 3200 Urbane 2.5mt Roller,,D,RPU707
Uniview 3200 Urbane 3.0mt Roller,,D,RPU713
Uniview Zero Cameo 2.0mt Roller,,E,RPU673
Uniview Zero Chalk 2.0mt Roller,,E,RPU670
Uniview Zero Ebony 2.0mt Roller,,E,RPU675
Uniview Zero Glacier 2.0mt Roller,,E,RPU672
Uniview Zero Sandstorm 2.0mt Roller,,E,RPU674
Uniview Zero Shell 2.0mt Roller,,E,RPU671
Verona Cream 2.0mt Roller,,A,RP1225
Verona White 2.0mt Roller,,A,RP1224
Vivi Glow 2.0mt Roller,,D,RP6037
Vivi Jada 2.0MT Roller,,D,RP5319
Vivi Senator 2.0mt Roller,,D,RP6040
Vivi Stone 2.0mt Roller,,D,RP6041
Zafira Cobalt 2.0MT Roller,,C,RP5457
Zafira Sand 2.0MT Roller,,C,RP5459
Zafira Spice 2.0MT Roller,,C,RP5458
Zara Cream Wide 2.0mt Roller,,A,RP749
Zara White Wide 2.0mt Roller,,A,RP748
